Date,Description,Money in,Money out,Balance
01/01/2024,0,0.0,1.2,£ -345.89
01/02/2024,TESCO STORES 2544 (VIA APPLE £ 7.00,0.0,7.0,"£ -1,482.96"
01/02/2024,"PROPER PIZZA (VIA APPLE PAY), £ 10.95",0.0,10.95,"£ -1,493.91"
01/02/2024,CARD PAYMENT TO DICLE FOOD £ 4.66,0.0,4.66,"£ -1,498.57"
01/02/2024,DICLE FOOD CENTRE (VIA APPLE £ 6.52,0.0,6.52,"£ -1,505.09"
01/04/2024,"TFL TRAVEL CH (VIA APPLE PAY), £ 3.50",0.0,3.5,"£ -1,486.79"
01/04/2024,TESCO STORES 6611 (VIA APPLE £ 3.40,0.0,3.4,"£ -1,483.29"
01/05/2024,"TFL TRAVEL CH (VIA APPLE PAY), £ 6.40",0.0,6.4,£ -898.75
01/05/2024,GAILS - SOUTH KENSINGT (VIA £ 6.80,0.0,6.8,£ -892.35
01/05/2024,TESCO STORES 2544 (VIA APPLE £ 0.35,0.0,0.35,£ -885.55
01/05/2024,BILL PAYMENT VIA FASTER £ 110.00,0.0,110.0,"£ -1,008.75"
01/06/2024,"TFL TRAVEL CH (VIA APPLE PAY), £ 6.40",0.0,6.4,£ -624.85
01/06/2024,TRUE CHICKEN LTD (VIA APPLE £ 12.08,0.0,12.08,£ -618.45
01/06/2024,CARD PAYMENT TO PAYPAL £ 13.50,0.0,13.5,£ -606.37
01/08/2023,TRANSFER TO MR LEFTERIS £ 15.00,0.0,15.0,£ 859.15
01/09/2023,BILL PAYMENT VIA FASTER £ 20.00,0.0,20.0,£ 710.38
02/01/2024,MCDONALDS 420 (VIA APPLE £ 7.57,0.0,7.57,£ -359.96
02/01/2024,TESCO STORES 2544 (VIA APPLE £ 6.50,0.0,6.5,£ -352.39
02/04/2024,TESCO STORES 6611 (VIA APPLE £ 1.10,0.0,1.1,"£ -1,487.89"
02/04/2024,"TFL TRAVEL CH (VIA APPLE PAY), £ 3.50",0.0,3.5,"£ -1,491.39"
02/05/2024,"COSTA COFFEE (VIA APPLE PAY), £ 2.15",0.0,2.15,"£ -1,010.90"
02/05/2024,"COSTA COFFEE (VIA APPLE PAY), £ 4.15",0.0,4.15,"£ -1,015.05"
02/05/2024,"TESCO STORES (VIA APPLE PAY), £ 6.80",0.0,6.8,"£ -1,021.85"
02/05/2024,TRUE CHICKEN LTD (VIA APPLE £ 6.29,0.0,6.29,"£ -1,028.14"
02/05/2024,ORGANIC HEALTH (VIA APPLE £ 61.00,0.0,61.0,"£ -1,103.64"
02/05/2024,"PIZZA EXPRESS (VIA APPLE PAY), £ 47.05",0.0,47.05,"£ -1,150.69"
02/05/2024,COACH AND HORSES (VIA APPLE £ 14.50,0.0,14.5,"£ -1,042.64"
02/05/2024,"TFL TRAVEL CH (VIA APPLE PAY), £ 7.80",0.0,7.8,"£ -1,158.49"
02/06/2024,"TFL TRAVEL CH (VIA APPLE PAY), £ 3.20",0.0,3.2,£ -628.05
02/08/2023,TRANSFER TO MR LEFTERIS £ 9.00,0.0,9.0,£ 840.15
02/08/2023,TRANSFER TO MR LEFTERIS £ 10.00,0.0,10.0,£ 849.15
02/08/2023,TRANSFER TO MR LEFTERIS £ 31.00,0.0,31.0,£ 809.15
02/09/2023,BILL PAYMENT VIA FASTER £ 20.00,0.0,20.0,£ 690.38
03/01/2024,"COSTA COFFEE (VIA APPLE PAY), £ 3.80",0.0,3.8,£ -366.26
03/01/2024,CARD PAYMENT TO Nanou Donuts £ 2.50,0.0,2.5,£ -362.46
03/01/2024,TESCO STORES 2544 (VIA APPLE £ 3.33,0.0,3.33,£ -369.59
03/04/2024,TESCO STORES 6611 (VIA APPLE £ 1.10,0.0,1.1,"£ -1,496.74"
03/04/2024,"TFL TRAVEL CH (VIA APPLE PAY), £ 3.50",0.0,3.5,"£ -1,500.24"
03/04/2024,"ALDI 776-048 (VIA APPLE PAY), ON £ 2.19",0.0,2.19,"£ -1,502.43"
03/04/2024,ALLENS PHARMACY (VIA APPLE £ 4.25,0.0,4.25,"£ -1,495.64"
03/05/2024,"TFL TRAVEL CH (VIA APPLE PAY), £ 6.40",0.0,6.4,"£ -1,237.16"
03/05/2024,"APPLE.COM/BILL (VIA APPLE PAY), £ 10.99",0.0,10.99,"£ -1,230.76"
03/05/2024,TRUE CHICKEN LTD (VIA APPLE £ 6.29,0.0,6.29,"£ -1,219.77"
03/05/2024,CARD PAYMENT TO LOWELL £ 8.24,0.0,8.24,"£ -1,213.48"
03/05/2024,CARD PAYMENT TO LOWELL £ 5.88,0.0,5.88,"£ -1,205.24"
03/05/2024,CARD PAYMENT TO LOWELL £ 35.88,0.0,35.88,"£ -1,199.36"
03/05/2024,CARD PAYMENT TO Netflix.com ON £ 4.99,0.0,4.99,"£ -1,163.48"
03/06/2024,WITHDRAWAL 500.00 CASH AT £ 500.00,0.0,500.0,"£ -1,308.05"
03/06/2024,CARD PAYMENT TO UNCLE £ 29.20,0.0,29.2,"£ -1,337.25"
03/06/2024,"TFL TRAVEL CH (VIA APPLE PAY), £ 3.20",0.0,3.2,"£ -1,340.45"
03/06/2024,CARD PAYMENT TO TESCO £ 2.80,0.0,2.8,"£ -1,343.25"
03/06/2024,DIRECT DEBIT PAYMENT TO £ 29.68,0.0,29.68,£ -678.90
03/06/2024,DIRECT DEBIT PAYMENT TO £ 21.17,0.0,21.17,£ -649.22
03/06/2024,DIRECT DEBIT PAYMENT TO £ 129.15,0.0,129.15,£ -808.05
03/08/2023,TRANSFER TO MR LEFTERIS £ 7.00,0.0,7.0,£ 791.15
03/08/2023,TRANSFER TO MR LEFTERIS £ 11.00,0.0,11.0,£ 798.15
03/09/2023,BILL PAYMENT VIA FASTER £ 25.00,0.0,25.0,£ 665.38
04/01/2024,"NANOU DONUTS (VIA APPLE PAY), £ 3.50",0.0,3.5,£ -373.09
04/04/2024,"TFL TRAVEL CH (VIA APPLE PAY), £ 3.20",0.0,3.2,"£ -1,505.63"
04/05/2024,CARD PAYMENT TO CREDIT £ 19.95,0.0,19.95,"£ -1,257.11"
04/05/2024,MEDI FOOD CENTRE (VIA APPLE £ 3.29,0.0,3.29,"£ -1,310.25"
04/05/2024,"TFL TRAVEL CH (VIA APPLE PAY), £ 6.40",0.0,6.4,"£ -1,306.96"
04/05/2024,CASH WITHDRAWAL AT £ 40.00,0.0,40.0,"£ -1,300.56"
04/05/2024,"GREGGS (VIA APPLE PAY), ON £ 3.45",0.0,3.45,"£ -1,260.56"
04/06/2024,CARD PAYMENT TO TESCO £ 3.40,0.0,3.4,"£ -1,346.65"
04/06/2024,TESCO STORES 2544 (VIA APPLE £ 7.00,0.0,7.0,"£ -1,353.65"
04/06/2024,CARD PAYMENT TO TFL TRAVEL £ 13.40,0.0,13.4,"£ -1,398.48"
04/06/2024,TESCO STORES 2544 (VIA APPLE £ 14.79,0.0,14.79,"£ -1,375.18"
04/06/2024,0,0.0,3.9,"£ -1,360.39"
04/06/2024,TESCO STORES 2544 (VIA APPLE £ 2.84,0.0,2.84,"£ -1,356.49"
04/06/2024,"TFL TRAVEL CH (VIA APPLE PAY), £ 9.90",0.0,9.9,"£ -1,385.08"
04/08/2023,TRANSFER TO MR LEFTERIS £ 47.00,0.0,47.0,£ 744.15
04/08/2023,TRANSFER TO MR LEFTERIS £ 1.00,0.0,1.0,£ 743.15
04/08/2023,TRANSFER TO MR LEFTERIS £ 10.00,0.0,10.0,£ 733.15
04/09/2023,BILL PAYMENT VIA FASTER £ 20.00,0.0,20.0,£ 645.38
04/09/2023,BILL PAYMENT VIA FASTER £ 100.00,0.0,100.0,£ 545.38
04/09/2023,TRANSFER TO MR LEFTERIS £ 101.00,0.0,101.0,£ 444.38
04/09/2023,TRANSFER TO MR LEFTERIS £ 20.00,0.0,20.0,£ 424.38
04/09/2023,BILL PAYMENT VIA FASTER £ 10.00,0.0,10.0,£ 414.38
05/01/2024,0,6.0,0.0,£ -367.09
05/01/2024,BILL PAYMENT VIA FASTER £ 10.00,0.0,10.0,£ -377.09
05/04/2024,"TFL TRAVEL CH (VIA APPLE PAY), £ 1.75",0.0,1.75,"£ -1,507.38"
05/05/2024,CARD PAYMENT TO CHATGPT £ 19.20,0.0,19.2,"£ -1,355.45"
05/05/2024,"BESPOKE CAFE (VIA APPLE PAY), £ 5.75",0.0,5.75,"£ -1,316.00"
05/05/2024,TESCO STORES 2544 (VIA APPLE £ 3.06,0.0,3.06,"£ -1,319.06"
05/05/2024,TESCO STORES 2544 (VIA APPLE £ 17.19,0.0,17.19,"£ -1,336.25"
05/06/2024,"TFL TRAVEL CH (VIA APPLE PAY), £ 8.80",0.0,8.8,"£ -1,407.28"
05/08/2023,TRANSFER TO MR LEFTERIS £ 7.00,0.0,7.0,£ 714.15
05/08/2023,TRANSFER TO MR LEFTERIS £ 3.00,0.0,3.0,£ 696.15
05/08/2023,TRANSFER TO MR LEFTERIS £ 15.00,0.0,15.0,£ 699.15
05/08/2023,TRANSFER TO MR LEFTERIS £ 4.00,0.0,4.0,£ 721.15
05/08/2023,TRANSFER TO MR LEFTERIS £ 4.00,0.0,4.0,£ 725.15
05/08/2023,TRANSFER TO MR LEFTERIS £ 4.00,0.0,4.0,£ 729.15
05/09/2023,BILL PAYMENT VIA FASTER £ 4.00,0.0,4.0,£ 400.38
05/09/2023,BILL PAYMENT VIA FASTER £ 10.00,0.0,10.0,£ 404.38
06/01/2024,BILL PAYMENT VIA FASTER £ 20.00,0.0,20.0,£ -440.84
06/01/2024,"TFL TRAVEL CH (VIA APPLE PAY), £ 11.70",0.0,11.7,£ -420.84
06/01/2024,TESCO STORES 2544 (VIA APPLE £ 8.65,0.0,8.65,£ -379.74
06/01/2024,"MM E&C LTD (VIA APPLE PAY), ON £ 12.80",0.0,12.8,£ -392.54
06/01/2024,0,6.0,0.0,£ -371.09
06/01/2024,"STARBUCKS (VIA APPLE PAY), ON £ 6.60",0.0,6.6,£ -399.14
06/01/2024,0,0.0,10.0,£ -409.14
06/05/2024,"TESCO STORES (VIA APPLE PAY), £ 1.45",0.0,1.45,"£ -1,356.90"
06/05/2024,"TFL TRAVEL CH (VIA APPLE PAY), £ 4.95",0.0,4.95,"£ -1,361.85"
06/05/2024,MEDI FOOD CENTRE (VIA APPLE £ 3.37,0.0,3.37,"£ -1,365.22"
06/05/2024,0,50.0,0.0,"£ -1,332.72"
06/05/2024,BILL PAYMENT VIA FASTER £ 17.50,0.0,17.5,"£ -1,382.72"
06/06/2024,"TFL TRAVEL CH (VIA APPLE PAY), £ 7.60",0.0,7.6,"£ -1,437.12"
06/06/2024,TRUE CHICKEN LTD (VIA APPLE £ 1.99,0.0,1.99,"£ -1,429.52"
06/06/2024,TESCO STORES 2544 (VIA APPLE £ 4.50,0.0,4.5,"£ -1,415.45"
06/06/2024,TRUE CHICKEN LTD (VIA APPLE £ 12.08,0.0,12.08,"£ -1,427.53"
06/06/2024,MEDI FOOD CENTRE (VIA APPLE £ 3.67,0.0,3.67,"£ -1,410.95"
06/08/2023,TRANSFER TO MR LEFTERIS £ 10.00,0.0,10.0,£ 644.15
06/08/2023,TRANSFER TO MR LEFTERIS £ 2.00,0.0,2.0,£ 674.15
06/08/2023,TRANSFER TO MR LEFTERIS £ 20.00,0.0,20.0,£ 676.15
06/08/2023,TRANSFER TO MR LEFTERIS £ 20.00,0.0,20.0,£ 654.15
06/09/2023,BILL PAYMENT VIA FASTER £ 20.00,0.0,20.0,£ 380.38
07/01/2024,"COSTA COFFEE (VIA APPLE PAY), £ 5.20",0.0,5.2,£ -449.84
07/01/2024,TESCO STORES 2544 (VIA APPLE £ 2.85,0.0,2.85,£ -452.69
07/01/2024,"COSTA COFFEE (VIA APPLE PAY), £ 3.80",0.0,3.8,£ -444.64
07/01/2024,IT S PITA TIME LTD (VIA APPLE £ 9.20,0.0,9.2,£ -461.89
07/01/2024,"STARBUCKS (VIA APPLE PAY), ON £ 2.80",0.0,2.8,£ -464.69
07/01/2024,"ALDI 776-048 (VIA APPLE PAY), ON £ 4.44",0.0,4.44,£ -469.13
07/05/2024,WILTON PATISSERIE (VIA APPLE £ 8.70,0.0,8.7,"£ -1,341.42"
07/05/2024,TESCO STORES 2544 (VIA APPLE £ 5.40,0.0,5.4,"£ -1,346.82"
07/05/2024,GOKYUZU RESTAURANT (VIA £ 14.00,0.0,14.0,"£ -1,360.82"
07/05/2024,"THE JOINERS (VIA APPLE PAY), £ 12.60",0.0,12.6,"£ -1,373.42"
07/06/2024,CARD PAYMENT TO Bespoke cafe £ 3.20,0.0,3.2,"£ -1,228.21"
07/06/2024,MEDI FOOD CENTRE (VIA APPLE £ 3.94,0.0,3.94,"£ -1,225.01"
07/06/2024,"TFL TRAVEL CH (VIA APPLE PAY), £ 4.95",0.0,4.95,"£ -1,221.07"
07/06/2024,0,230.0,0.0,"£ -1,216.12"
07/06/2024,"NANOU DONUTS (VIA APPLE PAY), £ 3.60",0.0,3.6,"£ -1,446.12"
07/06/2024,"BESPOKE CAFE (VIA APPLE PAY), £ 5.40",0.0,5.4,"£ -1,442.52"
07/06/2024,CARD PAYMENT TO Nanou Donuts £ 6.10,0.0,6.1,"£ -1,234.31"
07/08/2023,TRANSFER TO MR LEFTERIS £ 13.00,0.0,13.0,£ 631.15
07/09/2023,BILL PAYMENT VIA FASTER £ 40.00,0.0,40.0,£ 340.38
08/01/2024,MEGA FOOD CENTRE (VIA APPLE £ 3.98,0.0,3.98,£ -482.41
08/01/2024,TESCO STORES 2544 (VIA APPLE £ 5.50,0.0,5.5,£ -478.43
08/01/2024,"COSTA COFFEE (VIA APPLE PAY), £ 3.80",0.0,3.8,£ -472.93
08/02/2024,0,100.0,0.0,"£ -1,405.09"
08/05/2024,CARD PAYMENT TO THREE ON £ 20.00,0.0,20.0,"£ -1,411.67"
08/05/2024,TRUE CHICKEN LTD (VIA APPLE £ 11.78,0.0,11.78,"£ -1,391.67"
08/05/2024,CARD PAYMENT TO Medi Food £ 2.77,0.0,2.77,"£ -1,379.89"
08/05/2024,"TINTICO (VIA APPLE PAY), ON £ 3.70",0.0,3.7,"£ -1,377.12"
08/06/2024,"BESPOKE CAFE (VIA APPLE PAY), £ 1.95",0.0,1.95,"£ -1,236.26"
08/06/2024,TRANSFER TO MR LEFTERIS £ 10.00,0.0,10.0,£ 0.40
08/06/2024,CARD PAYMENT TO £ 229.00,0.0,229.0,"£ -1,472.74"
08/06/2024,CARD PAYMENT TO SAINSBURYS £ 7.30,0.0,7.3,"£ -1,480.04"
08/06/2024,CARD PAYMENT TO TFL TRAVEL £ 1.75,0.0,1.75,"£ -1,481.79"
08/06/2024,0,10.0,0.0,"£ -1,471.79"
08/06/2024,CARD PAYMENT TO SUPERDRUG £ 7.48,0.0,7.48,"£ -1,243.74"
08/08/2023,TRANSFER TO MR LEFTERIS £ 25.00,0.0,25.0,£ 606.15
08/09/2023,0,0.0,20.0,£ 290.03
08/09/2023,BILL PAYMENT VIA FASTER £ 30.35,0.0,30.35,£ 310.03
09/01/2024,CARD PAYMENT TO Resume.io ON £ 1.95,0.0,1.95,£ -499.81
09/01/2024,"COSTA COFFEE (VIA APPLE PAY), £ 4.25",0.0,4.25,£ -497.86
09/01/2024,MEGA ORGANIX & COFFEE (VIA £ 3.20,0.0,3.2,£ -493.61
09/01/2024,"TINTICO (VIA APPLE PAY), ON £ 3.30",0.0,3.3,£ -485.71
09/01/2024,0,0.0,4.7,£ -490.41
09/02/2024,TESCO STORES 2544 (VIA APPLE £ 3.90,0.0,3.9,"£ -1,408.99"
09/02/2024,BILL PAYMENT VIA FASTER £ 1.00,0.0,1.0,"£ -1,409.99"
09/05/2024,UNCLE TONYS TAVERNA (VIA £ 20.00,0.0,20.0,"£ -1,431.67"
09/05/2024,"TFL TRAVEL CH (VIA APPLE PAY), £ 7.60",0.0,7.6,"£ -1,444.27"
09/05/2024,LINA STORES SOUTH KENS (VIA £ 5.00,0.0,5.0,"£ -1,436.67"
09/06/2024,0,115.0,0.0,"£ -1,356.79"
09/06/2024,"TFL TRAVEL CH (VIA APPLE PAY), £ 6.40",0.0,6.4,"£ -1,423.94"
09/06/2024,MEDI FOOD CENTRE (VIA APPLE £ 3.67,0.0,3.67,"£ -1,417.54"
09/06/2024,TRUE CHICKEN LTD (VIA APPLE £ 8.49,0.0,8.49,"£ -1,413.87"
09/06/2024,0,0.0,0.3,"£ -1,405.38"
09/06/2024,TESCO STORES 2544 (VIA APPLE £ 31.09,0.0,31.09,"£ -1,405.08"
09/06/2024,UNCLE TONYS TAVERNA (VIA £ 17.20,0.0,17.2,"£ -1,373.99"
09/08/2023,TRANSFER TO MR LEFTERIS £ 15.00,0.0,15.0,£ 591.15
09/09/2023,BILL PAYMENT VIA FASTER £ 110.00,0.0,110.0,£ 180.03
09/09/2023,TRANSFER TO MR LEFTERIS £ 17.00,0.0,17.0,£ 163.03
10/01/2024,TESCO STORES 2544 (VIA APPLE £ 2.85,0.0,2.85,£ -505.31
10/01/2024,"COSTA COFFEE (VIA APPLE PAY), £ 2.65",0.0,2.65,£ -502.46
10/02/2024,"COSTA COFFEE (VIA APPLE PAY), £ 4.25",0.0,4.25,"£ -1,414.24"
10/02/2024,TESCO STORES 2544 (VIA APPLE £ 3.90,0.0,3.9,"£ -1,418.14"
10/02/2024,"COSTA COFFEE (VIA APPLE PAY), £ 4.35",0.0,4.35,"£ -1,436.09"
10/02/2024,"STARBUCKS (VIA APPLE PAY), ON £ 5.20",0.0,5.2,"£ -1,431.74"
10/02/2024,"COSTA COFFEE (VIA APPLE PAY), £ 4.25",0.0,4.25,"£ -1,426.54"
10/02/2024,TESCO STORES 2544 (VIA APPLE £ 4.15,0.0,4.15,"£ -1,422.29"
10/04/2024,SQ *CAFE DE NATA - SOU (VIA £ 3.45,0.0,3.45,"£ -1,365.83"
10/04/2024,0,145.0,0.0,"£ -1,362.38"
10/05/2024,CARD PAYMENT TO PAYPAL £ 18.77,0.0,18.77,"£ -1,463.04"
10/05/2024,TESCO STORES 2544 (VIA APPLE £ 12.33,0.0,12.33,"£ -1,475.37"
10/05/2024,"TFL TRAVEL CH (VIA APPLE PAY), £ 4.95",0.0,4.95,"£ -1,430.32"
10/05/2024,MEDI FOOD CENTRE (VIA APPLE £ 2.29,0.0,2.29,"£ -1,432.61"
10/05/2024,0,50.0,0.0,"£ -1,425.37"
10/06/2024,"TFL TRAVEL CH (VIA APPLE PAY), £ 6.40",0.0,6.4,"£ -1,430.34"
10/08/2023,TRANSFER TO MR LEFTERIS £ 11.00,0.0,11.0,£ 580.15
10/08/2023,BILL PAYMENT VIA FASTER £ 20.00,0.0,20.0,£ 560.15
10/09/2023,TRANSFER TO MR LEFTERIS £ 50.00,0.0,50.0,£ 87.03
10/09/2023,BILL PAYMENT VIA FASTER £ 20.00,0.0,20.0,£ 137.03
10/09/2023,TRANSFER TO MR LEFTERIS £ 6.00,0.0,6.0,£ 157.03
11/01/2024,BILL PAYMENT VIA FASTER £ 2.00,0.0,2.0,£ -507.31
11/01/2024,"COSTA COFFEE (VIA APPLE PAY), £ 4.25",0.0,4.25,£ -511.56
11/01/2024,"TINTICO (VIA APPLE PAY), ON £ 6.60",0.0,6.6,£ -518.16
11/01/2024,"TFL TRAVEL CH (VIA APPLE PAY), £ 3.80",0.0,3.8,£ -521.96
11/01/2024,CARD PAYMENT TO REMITLY ON £ 217.99,0.0,217.99,£ -739.95
11/04/2024,"TFL TRAVEL CH (VIA APPLE PAY), £ 7.60",0.0,7.6,"£ -1,431.63"
11/04/2024,MEDI FOOD CENTRE (VIA APPLE £ 3.67,0.0,3.67,"£ -1,395.05"
11/04/2024,TESCO STORES 2544 (VIA APPLE £ 19.85,0.0,19.85,"£ -1,391.38"
11/04/2024,TESCO STORES 2544 (VIA APPLE £ 5.70,0.0,5.7,"£ -1,371.53"
11/04/2024,CARD PAYMENT TO AMAZON* £ 28.98,0.0,28.98,"£ -1,424.03"
11/05/2024,TESCO STORES 2544 (VIA APPLE £ 6.15,0.0,6.15,"£ -1,461.96"
11/05/2024,TESCO STORES 2544 (VIA APPLE £ 8.20,0.0,8.2,"£ -1,455.81"
11/05/2024,SUMUP *DURUM OCAKBASI (VIA £ 15.00,0.0,15.0,"£ -1,447.61"
11/06/2024,"TFL TRAVEL CH (VIA APPLE PAY), £ 7.60",0.0,7.6,"£ -1,461.41"
11/06/2024,MEDI FOOD CENTRE (VIA APPLE £ 3.47,0.0,3.47,"£ -1,453.81"
11/06/2024,DURUM OCAKBASI RESTAUR (VIA £ 20.00,0.0,20.0,"£ -1,450.34"
11/08/2023,BILL PAYMENT VIA FASTER £ 10.00,0.0,10.0,£ 530.15
11/08/2023,BILL PAYMENT VIA FASTER £ 20.00,0.0,20.0,£ 540.15
12/01/2024,"TINTICO (VIA APPLE PAY), ON £ 3.30",0.0,3.3,£ -743.25
12/01/2024,TESCO STORES 2544 (VIA APPLE £ 4.78,0.0,4.78,£ -748.03
12/01/2024,0,0.0,9.99,£ -758.02
12/02/2024,"TINTICO (VIA APPLE PAY), ON £ 4.00",0.0,4.0,"£ -1,443.39"
12/02/2024,"TINTICO (VIA APPLE PAY), ON £ 3.30",0.0,3.3,"£ -1,439.39"
12/04/2024,MEDI FOOD CENTRE (VIA APPLE £ 2.88,0.0,2.88,"£ -1,434.51"
12/05/2024,COOTES PHARMACY LTD (VIA £ 19.80,0.0,19.8,"£ -1,426.76"
12/05/2024,MEDI FOOD CENTRE (VIA APPLE £ 9.63,0.0,9.63,"£ -1,436.39"
12/05/2024,"THIRST SOHO (VIA APPLE PAY), £ 25.00",0.0,25.0,"£ -1,461.39"
12/05/2024,"TFL TRAVEL CH (VIA APPLE PAY), £ 7.65",0.0,7.65,"£ -1,469.04"
12/05/2024,0,55.0,0.0,"£ -1,406.96"
12/06/2024,CARD PAYMENT TO PAYPAL £ 16.53,0.0,16.53,"£ -1,427.94"
12/06/2024,0,50.0,0.0,"£ -1,411.41"
12/06/2024,TESCO STORES 2544 (VIA APPLE £ 10.33,0.0,10.33,"£ -1,438.27"
12/06/2024,"THIRST SOHO (VIA APPLE PAY), £ 4.40",0.0,4.4,"£ -1,442.67"
12/06/2024,"TFL TRAVEL CH (VIA APPLE PAY), £ 3.20",0.0,3.2,"£ -1,445.87"
12/06/2024,"MCDONALDS (VIA APPLE PAY), ON £ 6.47",0.0,6.47,"£ -1,452.34"
12/06/2024,MEDI FOOD CENTRE (VIA APPLE £ 3.58,0.0,3.58,"£ -1,455.92"
12/08/2023,0,0.0,18.0,£ 512.15
12/08/2023,BILL PAYMENT VIA FASTER £ 22.00,0.0,22.0,£ 490.15
12/08/2023,BILL PAYMENT VIA FASTER £ 25.00,0.0,25.0,£ 465.15
12/09/2023,TRANSFER TO MR LEFTERIS £ 87.03,0.0,87.03,£ 0.00
12/12/2023,0,60.0,0.0,"£ -1,489.31"
13/01/2024,"TINTICO (VIA APPLE PAY), ON £ 3.00",0.0,3.0,£ -761.02
13/01/2024,"TINTICO (VIA APPLE PAY), ON £ 11.00",0.0,11.0,£ -772.02
13/02/2024,"STARBUCKS (VIA APPLE PAY), ON £ 2.85",0.0,2.85,"£ -1,458.85"
13/02/2024,"COSTA COFFEE (VIA APPLE PAY), £ 4.25",0.0,4.25,"£ -1,447.64"
13/02/2024,ZETTLE_*FINCHLEY POKE (VIA £ 8.36,0.0,8.36,"£ -1,456.00"
13/02/2024,DICLE FOOD CENTRE (VIA APPLE £ 0.99,0.0,0.99,"£ -1,467.83"
13/02/2024,TRUE CHICKEN LTD (VIA APPLE £ 7.99,0.0,7.99,"£ -1,466.84"
13/04/2024,CARD PAYMENT TO TFL TRAVEL £ 1.75,0.0,1.75,"£ -1,476.26"
13/04/2024,CARD PAYMENT TO THREE ON £ 20.00,0.0,20.0,"£ -1,474.51"
13/04/2024,CARD PAYMENT TO THREE ON £ 20.00,0.0,20.0,"£ -1,454.51"
13/04/2024,CARD PAYMENT TO TESCO £ 5.00,0.0,5.0,"£ -1,481.26"
13/05/2024,"TFL TRAVEL CH (VIA APPLE PAY), £ 6.40",0.0,6.4,"£ -1,481.82"
13/05/2024,SUMUP *BOSMAN LTD (VIA APPLE £ 2.00,0.0,2.0,"£ -1,475.42"
13/05/2024,MEDI FOOD CENTRE (VIA APPLE £ 4.38,0.0,4.38,"£ -1,473.42"
13/06/2024,LINA STORES SOUTH KENS (VIA £ 0.03,0.0,0.03,"£ -1,455.95"
13/06/2024,"TFL TRAVEL CH (VIA APPLE PAY), £ 6.70",0.0,6.7,"£ -1,462.65"
13/08/2023,BILL PAYMENT VIA FASTER £ 25.00,0.0,25.0,£ 440.15
13/12/2023,0,2385.0,0.0,£ 895.69
13/12/2023,Third party payment made via £ 200.00,0.0,200.0,£ 495.69
13/12/2023,WITHDRAWAL 200.00 CASH AT £ 200.00,0.0,200.0,£ 695.69
14/01/2024,"TFL TRAVEL CH (VIA APPLE PAY), £ 9.90",0.0,9.9,£ -801.57
14/01/2024,BILL PAYMENT VIA FASTER £ 12.00,0.0,12.0,£ -791.67
14/01/2024,TESCO STORES 2544 (VIA APPLE £ 7.65,0.0,7.65,£ -779.67
14/02/2024,"COSTA COFFEE (VIA APPLE PAY), £ 3.95",0.0,3.95,"£ -1,471.78"
14/02/2024,"TFL TRAVEL CH (VIA APPLE PAY), £ 3.50",0.0,3.5,"£ -1,475.28"
14/02/2024,"MCDONALDS 31 (VIA APPLE PAY), £ 4.28",0.0,4.28,"£ -1,479.56"
14/04/2024,0,605.0,0.0,£ -884.20
14/04/2024,MEDI FOOD CENTRE (VIA APPLE £ 3.79,0.0,3.79,"£ -1,489.20"
14/04/2024,TESCO STORES 6611 (VIA APPLE £ 4.15,0.0,4.15,"£ -1,485.41"
14/05/2024,TESCO STORES 2544 (VIA APPLE £ 4.15,0.0,4.15,"£ -1,485.97"
14/05/2024,TESCO STORES 2544 (VIA APPLE £ 7.00,0.0,7.0,"£ -1,492.97"
14/05/2024,0,200.0,0.0,"£ -1,292.97"
14/05/2024,CASH WITHDRAWAL AT £ 100.00,0.0,100.0,"£ -1,392.97"
14/06/2024,CASH WITHDRAWAL AT £ 100.00,0.0,100.0,"£ -1,404.80"
14/06/2024,CASH WITHDRAWAL AT £ 20.00,0.0,20.0,"£ -1,304.80"
14/06/2024,"BESPOKE CAFE (VIA APPLE PAY), £ 3.20",0.0,3.2,"£ -1,465.85"
14/06/2024,"NANOU DONUTS (VIA APPLE PAY), £ 6.10",0.0,6.1,"£ -1,471.95"
14/06/2024,CARD PAYMENT TO PAYPAL £ 3.90,0.0,3.9,"£ -1,475.85"
14/06/2024,0,100.0,0.0,"£ -1,384.80"
14/06/2024,0,100.0,0.0,"£ -1,284.80"
14/06/2024,TESCO STORES 2544 (VIA APPLE £ 8.95,0.0,8.95,"£ -1,484.80"
15/01/2024,BILL PAYMENT VIA FASTER £ 150.00,0.0,150.0,£ -951.57
15/01/2024,"COSTA COFFEE (VIA APPLE PAY), £ 4.25",0.0,4.25,£ -955.82
15/01/2024,BILL PAYMENT TO emre uksul £ 40.00,0.0,40.0,"£ -1,001.87"
15/01/2024,"STARBUCKS (VIA APPLE PAY), ON £ 3.20",0.0,3.2,£ -961.87
15/01/2024,TESCO STORES 2544 (VIA APPLE £ 2.85,0.0,2.85,£ -958.67
15/02/2024,"TFL TRAVEL CH (VIA APPLE PAY), £ 3.50",0.0,3.5,"£ -1,483.06"
15/04/2024,TRUE CHICKEN LTD (VIA APPLE £ 7.79,0.0,7.79,£ -893.09
15/04/2024,GRAND ISTANBUL MARKET (VIA £ 9.24,0.0,9.24,£ -902.33
15/04/2024,GAILS SOUTH WOODFORD (VIA £ 5.00,0.0,5.0,£ -912.58
15/04/2024,"PEPE'S PIRI PIRI (VIA APPLE PAY), £ 11.09",0.0,11.09,£ -923.67
15/04/2024,"COSTA COFFEE (VIA APPLE PAY), £ 6.50",0.0,6.5,£ -930.17
15/04/2024,TESCO STORES 6611 (VIA APPLE £ 1.10,0.0,1.1,£ -885.30
15/04/2024,"TFL TRAVEL CH (VIA APPLE PAY), £ 5.25",0.0,5.25,£ -907.58
15/05/2024,0,0.0,6.4,"£ -1,405.66"
15/05/2024,TRUE CHICKEN LTD (VIA APPLE £ 6.29,0.0,6.29,"£ -1,399.26"
15/06/2024,0,0.0,16.56,"£ -1,421.36"
15/06/2024,"BESPOKE CAFE (VIA APPLE PAY), £ 4.80",0.0,4.8,"£ -1,426.16"
15/06/2024,SUPERDRUG STORES PLC (VIA £ 4.39,0.0,4.39,"£ -1,430.55"
15/06/2024,CARD PAYMENT TO TFL TRAVEL £ 3.50,0.0,3.5,"£ -1,451.63"
15/06/2024,TRUE CHICKEN LTD (VIA APPLE £ 17.58,0.0,17.58,"£ -1,448.13"
15/08/2023,BILL PAYMENT VIA FASTER £ 10.00,0.0,10.0,£ 410.15
15/08/2023,BILL PAYMENT VIA FASTER £ 20.00,0.0,20.0,£ 420.15
15/12/2023,CASH WITHDRAWAL AT £ 10.00,0.0,10.0,£ 485.69
16/01/2024,"STARBUCKS (VIA APPLE PAY), ON £ 2.80",0.0,2.8,"£ -1,008.17"
16/01/2024,"TFL TRAVEL CH (VIA APPLE PAY), £ 1.75",0.0,1.75,"£ -1,013.92"
16/01/2024,"STARBUCKS (VIA APPLE PAY), ON £ 4.00",0.0,4.0,"£ -1,012.17"
16/01/2024,BOULANGERIE JOIE DE VI (VIA £ 3.50,0.0,3.5,"£ -1,005.37"
16/02/2024,"KFC (VIA APPLE PAY), ON £ 7.98",0.0,7.98,"£ -1,495.44"
16/02/2024,0,0.0,2.3,"£ -1,497.74"
16/02/2024,"BOOTS,SOUTHGATE (VIA APPLE £ 4.40",0.0,4.4,"£ -1,487.46"
16/02/2024,"TFL TRAVEL CH (VIA APPLE PAY), £ 3.50",0.0,3.5,"£ -1,501.24"
16/04/2024,"COSTA COFFEE (VIA APPLE PAY), £ 4.35",0.0,4.35,£ -996.22
16/04/2024,TESCO STORES 2544 (VIA APPLE £ 10.25,0.0,10.25,£ -973.42
16/04/2024,TESCO STORES 2544 (VIA APPLE £ 0.30,0.0,0.3,£ -973.72
16/04/2024,TESCO STORES 2544 (VIA APPLE £ 13.90,0.0,13.9,£ -987.62
16/04/2024,MEDI FOOD CENTRE (VIA APPLE £ 4.25,0.0,4.25,£ -991.87
16/04/2024,TESCO STORES 2544 (VIA APPLE £ 33.00,0.0,33.0,£ -963.17
16/05/2024,"TFL TRAVEL CH (VIA APPLE PAY), £ 6.40",0.0,6.4,"£ -1,441.96"
16/05/2024,TESCO STORES 2544 (VIA APPLE £ 2.85,0.0,2.85,"£ -1,435.56"
16/05/2024,TESCO STORES 2544 (VIA APPLE £ 5.90,0.0,5.9,"£ -1,432.71"
16/05/2024,"TOMBO CAFE (VIA APPLE PAY), £ 21.15",0.0,21.15,"£ -1,426.81"
16/06/2024,"TFL TRAVEL CH (VIA APPLE PAY), £ 6.40",0.0,6.4,"£ -1,461.93"
16/06/2024,GAILS - SOUTH KENSINGT (VIA £ 3.90,0.0,3.9,"£ -1,455.53"
16/08/2023,BILL PAYMENT VIA FASTER £ 10.00,0.0,10.0,£ 400.15
16/08/2023,0,0.0,10.0,£ 370.15
16/08/2023,BILL PAYMENT VIA FASTER £ 20.00,0.0,20.0,£ 380.15
16/12/2023,TESCO STORES 2544 (VIA APPLE £ 2.60,0.0,2.6,£ 483.09
17/01/2024,"STARBUCKS (VIA APPLE PAY), ON £ 2.40",0.0,2.4,"£ -1,019.12"
17/01/2024,"STARBUCKS (VIA APPLE PAY), ON £ 2.80",0.0,2.8,"£ -1,016.72"
17/01/2024,"TINTICO (VIA APPLE PAY), ON £ 4.00",0.0,4.0,"£ -1,023.12"
17/03/2024,0,600.0,0.0,£ -911.74
17/03/2024,Third party payment made via £ 196.13,0.0,196.13,"£ -1,107.87"
17/03/2024,BILL PAYMENT VIA FASTER £ 50.00,0.0,50.0,"£ -1,157.87"
17/04/2024,"TFL TRAVEL CH (VIA APPLE PAY), £ 6.40",0.0,6.4,"£ -1,026.45"
17/04/2024,TRUE CHICKEN LTD (VIA APPLE £ 12.08,0.0,12.08,"£ -1,020.05"
17/04/2024,FIVE GUYS SOUTH KENSIN (VIA £ 11.75,0.0,11.75,"£ -1,007.97"
17/05/2024,TRUE CHICKEN LTD (VIA APPLE £ 8.79,0.0,8.79,"£ -1,450.75"
17/05/2024,"TFL TRAVEL CH (VIA APPLE PAY), £ 6.40",0.0,6.4,"£ -1,457.15"
17/06/2024,PAUL UK SOUTH KENSINGT (VIA £ 2.80,0.0,2.8,"£ -1,376.21"
17/06/2024,"TFL TRAVEL CH (VIA APPLE PAY), £ 6.40",0.0,6.4,"£ -1,373.41"
17/06/2024,0,100.0,0.0,"£ -1,367.01"
17/06/2024,MEDI FOOD CENTRE (VIA APPLE £ 5.08,0.0,5.08,"£ -1,467.01"
17/08/2023,BILL PAYMENT VIA FASTER £ 30.00,0.0,30.0,£ 340.15
17/12/2023,"COSTA COFFEE (VIA APPLE PAY), £ 1.95",0.0,1.95,£ 477.34
17/12/2023,"COSTA COFFEE (VIA APPLE PAY), £ 3.80",0.0,3.8,£ 479.29
18/01/2024,"TINTICO (VIA APPLE PAY), ON £ 3.20",0.0,3.2,"£ -1,026.32"
18/01/2024,TESCO STORES 2544 (VIA APPLE £ 5.48,0.0,5.48,"£ -1,031.80"
18/01/2024,TESCO STORES 2296 (VIA APPLE £ 10.00,0.0,10.0,"£ -1,054.80"
18/01/2024,DICLE FOOD CENTRE (VIA APPLE £ 4.44,0.0,4.44,"£ -1,036.24"
18/01/2024,"STARBUCKS (VIA APPLE PAY), ON £ 2.80",0.0,2.8,"£ -1,039.04"
18/01/2024,"ALDI 776-048 (VIA APPLE PAY), ON £ 2.98",0.0,2.98,"£ -1,042.02"
18/01/2024,MCDONALDS 420 (VIA APPLE £ 2.78,0.0,2.78,"£ -1,044.80"
18/02/2024,"TFL TRAVEL CH (VIA APPLE PAY), £ 3.50",0.0,3.5,"£ -1,504.74"
18/02/2024,"TFL TRAVEL CH (VIA APPLE PAY), £ 3.50",0.0,3.5,"£ -1,508.24"
18/04/2024,MEDI FOOD CENTRE (VIA APPLE £ 8.67,0.0,8.67,"£ -1,083.77"
18/04/2024,TESCO STORES 2544 (VIA APPLE £ 3.40,0.0,3.4,"£ -1,029.85"
18/04/2024,BBS BAKERS AND BARISTA (VIA £ 9.25,0.0,9.25,"£ -1,039.10"
18/04/2024,MARKS&SPENCER PLC SACA (VIA £ 26.10,0.0,26.1,"£ -1,065.20"
18/04/2024,"TFL TRAVEL CH (VIA APPLE PAY), £ 9.90",0.0,9.9,"£ -1,075.10"
18/05/2024,0,100.0,0.0,"£ -1,378.97"
18/05/2024,SUPERDRUG STORES PLC (VIA £ 3.99,0.0,3.99,"£ -1,478.97"
18/05/2024,SUPERDRUG STORES PLC (VIA £ 6.88,0.0,6.88,"£ -1,474.98"
18/05/2024,TESCO STORES 2544 (VIA APPLE £ 10.95,0.0,10.95,"£ -1,468.10"
18/06/2024,"BESPOKE CAFE (VIA APPLE PAY), £ 6.40",0.0,6.4,"£ -1,382.61"
18/06/2024,"NANOU DONUTS (VIA APPLE PAY), £ 6.10",0.0,6.1,"£ -1,388.71"
18/06/2024,CARD PAYMENT TO PAYPAL £ 4.19,0.0,4.19,"£ -1,408.90"
18/06/2024,"MR TRIMMER (VIA APPLE PAY), £ 30.00",0.0,30.0,"£ -1,438.90"
18/06/2024,"KESARI STORE (VIA APPLE PAY), £ 4.99",0.0,4.99,"£ -1,443.89"
18/06/2024,"KESARI STORE (VIA APPLE PAY), £ 3.78",0.0,3.78,"£ -1,447.67"
18/06/2024,0,0.0,16.0,"£ -1,404.71"
18/06/2024,MEDI FOOD CENTRE (VIA APPLE £ 3.67,0.0,3.67,"£ -1,451.34"
18/08/2023,BILL PAYMENT VIA FASTER £ 27.00,0.0,27.0,£ 313.15
18/12/2023,0,280.0,0.0,£ 757.34
19/01/2024,"THE BOHEMIA (VIA APPLE PAY), £ 11.90",0.0,11.9,"£ -1,073.80"
19/01/2024,TESCO STORES 2544 (VIA APPLE £ 2.85,0.0,2.85,"£ -1,061.90"
19/01/2024,"COSTA COFFEE (VIA APPLE PAY), £ 4.25",0.0,4.25,"£ -1,059.05"
19/02/2024,"TFL TRAVEL CH (VIA APPLE PAY), £ 3.50",0.0,3.5,"£ -1,511.74"
19/03/2024,MEDI FOOD CENTRE (VIA APPLE £ 1.84,0.0,1.84,"£ -1,163.11"
19/03/2024,"APPLE.COM/BILL (VIA APPLE PAY), £ 10.99",0.0,10.99,"£ -1,174.10"
19/03/2024,TESCO STORES 6611 (VIA APPLE £ 3.40,0.0,3.4,"£ -1,161.27"
19/04/2024,"COSTA COFFEE (VIA APPLE PAY), £ 8.25",0.0,8.25,"£ -1,092.02"
19/04/2024,TESCO STORES 2544 (VIA APPLE £ 6.30,0.0,6.3,"£ -1,098.32"
19/04/2024,TESCO STORES 2544 (VIA APPLE £ 0.30,0.0,0.3,"£ -1,098.62"
19/04/2024,SQ *PHILIPPE CONTICINI (VIA £ 3.50,0.0,3.5,"£ -1,102.12"
19/05/2024,PAME GREEK LTD (VIA APPLE £ 39.71,0.0,39.71,"£ -1,463.89"
19/05/2024,"TFL TRAVEL CH (VIA APPLE PAY), £ 6.40",0.0,6.4,"£ -1,424.18"
19/05/2024,TRUE CHICKEN LTD (VIA APPLE £ 19.57,0.0,19.57,"£ -1,417.78"
19/05/2024,TESCO STORES 2544 (VIA APPLE £ 6.75,0.0,6.75,"£ -1,398.21"
19/05/2024,"APPLE.COM/BILL (VIA APPLE PAY), £ 10.99",0.0,10.99,"£ -1,389.96"
19/05/2024,"HUMAN FOREST (VIA APPLE PAY), £ 1.50",0.0,1.5,"£ -1,391.46"
19/06/2024,TESCO STORES 2544 (VIA APPLE £ 11.34,0.0,11.34,"£ -1,471.18"
19/06/2024,HOOP AND TOY (KENSINGT (VIA £ 7.55,0.0,7.55,"£ -1,478.73"
19/06/2024,0,50.0,0.0,"£ -1,428.73"
19/06/2024,CARD PAYMENT TO TRUE £ 12.08,0.0,12.08,"£ -1,440.81"
19/06/2024,"BESPOKE CAFE (VIA APPLE PAY), £ 3.20",0.0,3.2,"£ -1,444.01"
19/06/2024,TESCO STORES 2544 (VIA APPLE £ 8.50,0.0,8.5,"£ -1,459.84"
19/06/2024,"NANOU DONUTS (VIA APPLE PAY), £ 6.10",0.0,6.1,"£ -1,457.71"
19/06/2024,"TFL TRAVEL CH (VIA APPLE PAY), £ 7.60",0.0,7.6,"£ -1,451.61"
19/08/2023,BILL PAYMENT VIA FASTER £ 30.00,0.0,30.0,£ 283.15
19/08/2023,BILL PAYMENT VIA FASTER £ 20.00,0.0,20.0,£ 263.15
19/12/2023,"COSTA COFFEE (VIA APPLE PAY), £ 6.30",0.0,6.3,£ 751.04
19/12/2023,TESCO STORES 2249 (VIA APPLE £ 3.00,0.0,3.0,£ 748.04
19/12/2023,SIR SYDNEY SMITH (VIA APPLE £ 11.60,0.0,11.6,£ 713.61
19/12/2023,BROADWICK STREET LEON (VIA £ 10.98,0.0,10.98,£ 671.43
19/12/2023,BOLT.EU/O/2312190102 (VIA £ 11.20,0.0,11.2,£ 682.41
19/12/2023,CARD PAYMENT TO £ 20.00,0.0,20.0,£ 693.61
19/12/2023,TESCO STORES 2249 (VIA APPLE £ 5.15,0.0,5.15,£ 742.89
19/12/2023,CARD PAYMENT TO THREE ON £ 20.00,0.0,20.0,£ 651.43
19/12/2023,0,0.0,9.83,£ 733.06
19/12/2023,"COSTA COFFEE (VIA APPLE PAY), £ 4.05",0.0,4.05,£ 725.21
19/12/2023,"COSTA COFFEE (VIA APPLE PAY), £ 3.80",0.0,3.8,£ 729.26
20/01/2024,"COSTA COFFEE (VIA APPLE PAY), £ 4.25",0.0,4.25,"£ -1,078.05"
20/01/2024,TESCO STORES 2544 (VIA APPLE £ 7.50,0.0,7.5,"£ -1,085.55"
20/01/2024,CARD PAYMENT TO THREE ON £ 20.00,0.0,20.0,"£ -1,105.55"
20/01/2024,"STARBUCKS (VIA APPLE PAY), ON £ 2.85",0.0,2.85,"£ -1,108.40"
20/01/2024,MCDONALDS 420 (VIA APPLE £ 4.28,0.0,4.28,"£ -1,112.68"
20/03/2024,"TFL TRAVEL CH (VIA APPLE PAY), £ 1.75",0.0,1.75,"£ -1,186.23"
20/03/2024,TRUE CHICKEN LTD (VIA APPLE £ 9.28,0.0,9.28,"£ -1,184.48"
20/03/2024,TESCO STORES 6611 (VIA APPLE £ 1.10,0.0,1.1,"£ -1,175.20"
20/04/2024,TRUE CHICKEN LTD (VIA APPLE £ 12.08,0.0,12.08,"£ -1,114.20"
20/04/2024,"FINLAYS (VIA APPLE PAY), ON £ 2.64",0.0,2.64,"£ -1,116.84"
20/04/2024,"TFL TRAVEL CH (VIA APPLE PAY), £ 6.40",0.0,6.4,"£ -1,123.24"
20/05/2024,"TFL TRAVEL CH (VIA APPLE PAY), £ 4.95",0.0,4.95,"£ -1,468.84"
20/05/2024,GAILS - SOUTH KENSINGT (VIA £ 6.80,0.0,6.8,"£ -1,475.64"
20/08/2023,BILL PAYMENT VIA FASTER £ 20.00,0.0,20.0,£ 233.15
20/08/2023,BILL PAYMENT VIA FASTER £ 10.00,0.0,10.0,£ 253.15
20/12/2023,DINES* TSQ JOBLAKECAFE (VIA £ 13.00,0.0,13.0,£ 499.34
20/12/2023,CARD PAYMENT TO Happy Bones £ 3.80,0.0,3.8,£ 203.40
20/12/2023,"TFL TRAVEL CH (VIA APPLE PAY), £ 5.90",0.0,5.9,£ 207.20
20/12/2023,CARD PAYMENT TO LANGHAM £ 139.09,0.0,139.09,£ 512.34
20/12/2023,LEICESTER SQUARE YOKOC (VIA £ 52.07,0.0,52.07,£ 213.10
20/12/2023,CROWN & SCEPTRE (VIA APPLE £ 15.40,0.0,15.4,£ 265.17
20/12/2023,UBR* PENDING.UBER.COM (VIA £ 19.92,0.0,19.92,£ 280.57
20/12/2023,CARD PAYMENT TO TESCO £ 21.35,0.0,21.35,£ 300.49
20/12/2023,CARD PAYMENT TO Dr Martens £ 177.50,0.0,177.5,£ 321.84
21/01/2024,TESCO STORES 2544 (VIA APPLE £ 1.50,0.0,1.5,"£ -1,122.00"
21/01/2024,TESCO STORES 2544 (VIA APPLE £ 1.62,0.0,1.62,"£ -1,120.50"
21/01/2024,"COSTA COFFEE (VIA APPLE PAY), £ 1.95",0.0,1.95,"£ -1,118.88"
21/01/2024,"COSTA COFFEE (VIA APPLE PAY), £ 4.25",0.0,4.25,"£ -1,116.93"
21/03/2024,MEDI FOOD CENTRE (VIA APPLE £ 2.37,0.0,2.37,"£ -1,247.55"
21/03/2024,"COSTA COFFEE (VIA APPLE PAY), £ 11.70",0.0,11.7,"£ -1,197.93"
21/03/2024,"COSTA COFFEE (VIA APPLE PAY), £ 4.15",0.0,4.15,"£ -1,202.08"
21/03/2024,DURUM OCAKBASI RESTAUR (VIA £ 7.50,0.0,7.5,"£ -1,245.18"
21/03/2024,TESCO STORES 2544 (VIA APPLE £ 5.60,0.0,5.6,"£ -1,237.68"
21/03/2024,"MR TRIMMER (VIA APPLE PAY), £ 30.00",0.0,30.0,"£ -1,232.08"
21/04/2024,"COSTA COFFEE (VIA APPLE PAY), £ 4.35",0.0,4.35,"£ -1,127.59"
21/04/2024,"TINTICO (VIA APPLE PAY), ON £ 3.50",0.0,3.5,"£ -1,142.16"
21/04/2024,MEDI FOOD CENTRE (VIA APPLE £ 3.17,0.0,3.17,"£ -1,138.66"
21/04/2024,TESCO STORES 2544 (VIA APPLE £ 1.95,0.0,1.95,"£ -1,135.49"
21/04/2024,TESCO STORES 2544 (VIA APPLE £ 5.95,0.0,5.95,"£ -1,133.54"
21/05/2024,"TFL TRAVEL CH (VIA APPLE PAY), £ 6.40",0.0,6.4,"£ -1,491.34"
21/05/2024,TESCO STORES 2544 (VIA APPLE £ 9.30,0.0,9.3,"£ -1,484.94"
21/08/2023,BILL PAYMENT VIA FASTER £ 33.00,0.0,33.0,£ 200.15
21/12/2023,ZETTLE_*INSIDE SUCCESS (VIA £ 5.00,0.0,5.0,£ 163.40
21/12/2023,CARD PAYMENT TO SQ *HAYS ON £ 11.00,0.0,11.0,£ 192.40
21/12/2023,CARD PAYMENT TO MIHIR KANTI £ 25.00,0.0,25.0,£ 20.40
21/12/2023,CARD PAYMENT TO BKG*HOTEL £ 117.00,0.0,117.0,£ 46.40
21/12/2023,CARD PAYMENT TO CAFFE NERO £ 6.15,0.0,6.15,£ 6.15
21/12/2023,"TFL TRAVEL CH (VIA APPLE PAY), £ 8.10",0.0,8.1,£ 12.30
21/12/2023,NYA*WOMBATS LONDON LTD (VIA £ 1.00,0.0,1.0,£ 45.40
21/12/2023,ZETTLE_*GOURMET SAUSAG (VIA £ 24.00,0.0,24.0,£ 168.40
22/01/2024,"COSTA COFFEE (VIA APPLE PAY), £ 4.25",0.0,4.25,"£ -1,126.25"
22/01/2024,"COSTA COFFEE (VIA APPLE PAY), £ 2.75",0.0,2.75,"£ -1,129.00"
22/01/2024,TESCO STORES 2544 (VIA APPLE £ 2.85,0.0,2.85,"£ -1,131.85"
22/01/2024,"COSTA COFFEE (VIA APPLE PAY), £ 2.70",0.0,2.7,"£ -1,134.55"
22/03/2024,TESCO STORES 6611 (VIA APPLE £ 1.10,0.0,1.1,"£ -1,248.65"
22/03/2024,"TFL TRAVEL CH (VIA APPLE PAY), £ 3.50",0.0,3.5,"£ -1,252.15"
22/04/2024,"TFL TRAVEL CH (VIA APPLE PAY), £ 6.40",0.0,6.4,"£ -1,199.94"
22/04/2024,TRUE CHICKEN LTD (VIA APPLE £ 12.08,0.0,12.08,"£ -1,193.54"
22/04/2024,TESCO STORES 2544 (VIA APPLE £ 1.30,0.0,1.3,"£ -1,181.46"
22/04/2024,UNCLE TONYS TAVERNA (VIA £ 38.00,0.0,38.0,"£ -1,180.16"
22/05/2024,"TFL TRAVEL CH (VIA APPLE PAY), £ 6.40",0.0,6.4,"£ -1,459.43"
22/05/2024,TESCO STORES 2544 (VIA APPLE £ 5.40,0.0,5.4,"£ -1,496.74"
22/05/2024,0,50.0,0.0,"£ -1,446.74"
22/05/2024,TRUE CHICKEN LTD (VIA APPLE £ 6.29,0.0,6.29,"£ -1,453.03"
22/08/2023,0,0.0,30.0,£ 170.15
22/12/2023,MARTIN MCCOLL (VIA APPLE £ 2.19,0.0,2.19,£ -11.39
22/12/2023,POST OFFICE COUNTER (VIA £ 4.40,0.0,4.4,£ -0.20
22/12/2023,"COSTA COFFEE (VIA APPLE PAY), £ 1.95",0.0,1.95,£ 4.20
22/12/2023,"TFL TRAVEL CH (VIA APPLE PAY), £ 3.20",0.0,3.2,£ -14.59
22/12/2023,"COSTA COFFEE (VIA APPLE PAY), £ 9.00",0.0,9.0,£ -9.20
23/01/2024,"NANOU DONUTS (VIA APPLE PAY), £ 3.40",0.0,3.4,"£ -1,137.95"
23/01/2024,"WAITROSE 876 (VIA APPLE PAY), £ 6.60",0.0,6.6,"£ -1,357.90"
23/01/2024,BILL PAYMENT VIA FASTER £ 200.00,0.0,200.0,"£ -1,351.30"
23/01/2024,TESCO STORES 2544 (VIA APPLE £ 3.65,0.0,3.65,"£ -1,141.60"
23/01/2024,TESCO STORES 2544 (VIA APPLE £ 9.70,0.0,9.7,"£ -1,151.30"
23/03/2024,MEDI FOOD CENTRE (VIA APPLE £ 3.29,0.0,3.29,"£ -1,256.54"
23/03/2024,TESCO STORES 6611 (VIA APPLE £ 1.10,0.0,1.1,"£ -1,253.25"
23/04/2024,GAILS - SOUTH KENSINGT (VIA £ 6.30,0.0,6.3,"£ -1,222.17"
23/04/2024,TESCO STORES 2544 (VIA APPLE £ 15.93,0.0,15.93,"£ -1,215.87"
23/04/2024,"COSTA COFFEE (VIA APPLE PAY), £ 4.35",0.0,4.35,"£ -1,232.92"
23/04/2024,"TFL TRAVEL CH (VIA APPLE PAY), £ 6.40",0.0,6.4,"£ -1,228.57"
23/05/2024,"MR TRIMMER (VIA APPLE PAY), £ 30.00",0.0,30.0,"£ -1,489.43"
23/12/2023,"COSTA COFFEE (VIA APPLE PAY), £ 2.50",0.0,2.5,£ -30.83
23/12/2023,KURK CHICKEN BAR (VIA APPLE £ 9.89,0.0,9.89,£ -40.72
23/12/2023,"COSTA COFFEE (VIA APPLE PAY), £ 5.75",0.0,5.75,£ -28.33
23/12/2023,"APPLE.COM/BILL (VIA APPLE PAY), £ 7.99",0.0,7.99,£ -22.58
23/12/2023,DICLE FOOD CENTRE (VIA APPLE £ 4.98,0.0,4.98,£ -45.70
23/12/2023,"TFL TRAVEL CH (VIA APPLE PAY), £ 5.30",0.0,5.3,£ -51.00
24/01/2024,"COSTA COFFEE (VIA APPLE PAY), £ 4.25",0.0,4.25,"£ -1,362.15"
24/01/2024,TESCO STORES 2544 (VIA APPLE £ 3.90,0.0,3.9,"£ -1,366.05"
24/01/2024,"WAITROSE 876 (VIA APPLE PAY), £ 3.70",0.0,3.7,"£ -1,384.55"
24/01/2024,TESCO STORES 2544 (VIA APPLE £ 14.80,0.0,14.8,"£ -1,380.85"
24/03/2024,"TFL TRAVEL CH (VIA APPLE PAY), £ 3.50",0.0,3.5,"£ -1,260.04"
24/03/2024,TESCO STORES 6611 (VIA APPLE £ 3.40,0.0,3.4,"£ -1,263.44"
24/03/2024,TRUE CHICKEN LTD (VIA APPLE £ 8.29,0.0,8.29,"£ -1,271.73"
24/03/2024,"TFL TRAVEL CH (VIA APPLE PAY), £ 5.25",0.0,5.25,"£ -1,276.98"
24/04/2024,MEDI FOOD CENTRE (VIA APPLE £ 2.88,0.0,2.88,"£ -1,308.78"
24/04/2024,"TFL TRAVEL CH (VIA APPLE PAY), £ 6.40",0.0,6.4,"£ -1,305.90"
24/04/2024,BILL PAYMENT VIA FASTER £ 50.00,0.0,50.0,"£ -1,299.50"
24/04/2024,TRUE CHICKEN LTD (VIA APPLE £ 12.08,0.0,12.08,"£ -1,249.50"
24/04/2024,TESCO STORES 2544 (VIA APPLE £ 4.50,0.0,4.5,"£ -1,237.42"
24/04/2024,"COSTA COFFEE (VIA APPLE PAY), £ 5.20",0.0,5.2,"£ -1,313.98"
24/05/2024,"TFL TRAVEL CH (VIA APPLE PAY), £ 6.40",0.0,6.4,"£ -1,438.21"
24/05/2024,MEDI FOOD CENTRE (VIA APPLE £ 2.38,0.0,2.38,"£ -1,431.81"
24/05/2024,0,60.0,0.0,"£ -1,429.43"
24/08/2023,BILL PAYMENT VIA FASTER £ 20.00,0.0,20.0,£ 150.15
24/12/2023,SHELL BATTERSEA (VIA APPLE £ 1.90,0.0,1.9,£ -52.90
24/12/2023,KFC EARLSFIELD (VIA APPLE £ 20.96,0.0,20.96,£ -73.86
24/12/2023,SAINSBURYS S/MKTS (VIA APPLE £ 4.40,0.0,4.4,£ -78.26
24/12/2023,"TFL TRAVEL CH (VIA APPLE PAY), £ 7.05",0.0,7.05,£ -85.31
25/01/2024,"COSTA COFFEE (VIA APPLE PAY), £ 4.25",0.0,4.25,"£ -1,388.80"
25/01/2024,TESCO STORES 2544 (VIA APPLE £ 2.59,0.0,2.59,"£ -1,397.29"
25/01/2024,"STARBUCKS (VIA APPLE PAY), ON £ 2.95",0.0,2.95,"£ -1,400.24"
25/01/2024,"TFL TRAVEL CH (VIA APPLE PAY), £ 4.95",0.0,4.95,"£ -1,405.19"
25/01/2024,"MCDONALDS (VIA APPLE PAY), ON £ 8.17",0.0,8.17,"£ -1,413.36"
25/01/2024,SQ *CAFE DE NATA - SOH (VIA £ 5.90,0.0,5.9,"£ -1,394.70"
25/03/2024,TESCO STORES 6611 (VIA APPLE £ 6.30,0.0,6.3,"£ -1,283.28"
25/03/2024,"TFL TRAVEL CH (VIA APPLE PAY), £ 5.25",0.0,5.25,"£ -1,288.53"
25/03/2024,MEDI FOOD CENTRE (VIA APPLE £ 2.58,0.0,2.58,"£ -1,291.11"
25/04/2024,TESCO STORES 2544 (VIA APPLE £ 7.55,0.0,7.55,"£ -1,321.53"
25/05/2024,"BESPOKE CAFE (VIA APPLE PAY), £ 7.20",0.0,7.2,"£ -1,445.41"
25/05/2024,"SQ *15GRAMS (VIA APPLE PAY), £ 8.20",0.0,8.2,"£ -1,469.78"
25/05/2024,"TFL TRAVEL CH (VIA APPLE PAY), £ 6.40",0.0,6.4,"£ -1,461.58"
25/05/2024,0,70.0,0.0,"£ -1,399.78"
25/05/2024,CARD PAYMENT TO PAYPAL £ 9.77,0.0,9.77,"£ -1,455.18"
25/08/2023,BILL PAYMENT VIA FASTER £ 50.00,0.0,50.0,£ 70.15
25/08/2023,BILL PAYMENT VIA FASTER £ 30.00,0.0,30.0,£ 120.15
25/12/2023,0,0.0,7.25,£ -98.31
25/12/2023,"COSTA COFFEE (VIA APPLE PAY), £ 5.75",0.0,5.75,£ -91.06
26/01/2024,TURKISH GOBBLE (VIA APPLE £ 6.95,0.0,6.95,"£ -1,428.91"
26/01/2024,"COSTA COFFEE (VIA APPLE PAY), £ 4.25",0.0,4.25,"£ -1,421.96"
26/01/2024,"COSTA COFFEE (VIA APPLE PAY), £ 2.65",0.0,2.65,"£ -1,417.71"
26/01/2024,"COSTA COFFEE (VIA APPLE PAY), £ 1.70",0.0,1.7,"£ -1,415.06"
26/03/2024,TESCO STORES 6611 (VIA APPLE £ 1.10,0.0,1.1,"£ -1,292.21"
26/03/2024,ALLENS PHARMACY (VIA APPLE £ 4.75,0.0,4.75,"£ -1,296.96"
26/03/2024,"TFL TRAVEL CH (VIA APPLE PAY), £ 3.50",0.0,3.5,"£ -1,300.46"
26/04/2024,TRUE CHICKEN LTD (VIA APPLE £ 12.08,0.0,12.08,"£ -1,366.91"
26/04/2024,"BESPOKE CAFE (VIA APPLE PAY), £ 3.70",0.0,3.7,"£ -1,384.20"
26/04/2024,"TFL TRAVEL CH (VIA APPLE PAY), £ 8.80",0.0,8.8,"£ -1,380.50"
26/04/2024,TRUE CHICKEN LTD (VIA APPLE £ 4.79,0.0,4.79,"£ -1,371.70"
26/04/2024,TESCO STORES 2544 (VIA APPLE £ 33.30,0.0,33.3,"£ -1,354.83"
26/05/2024,"AMORA GUSTO (VIA APPLE PAY), £ 6.70",0.0,6.7,"£ -1,171.19"
26/05/2024,ANTEPLILER LIVER (VIA APPLE £ 32.00,0.0,32.0,"£ -1,439.58"
26/05/2024,SUPERDRUG STORES PLC (VIA £ 11.48,0.0,11.48,"£ -1,451.06"
26/05/2024,0,294.82,0.0,"£ -1,156.24"
26/05/2024,HALA RESTAURANT (VIA APPLE £ 8.25,0.0,8.25,"£ -1,164.49"
26/05/2024,CITIZENM TOWER OF LOND (VIA £ 4.00,0.0,4.0,"£ -1,407.58"
26/05/2024,"AMORA GUSTO (VIA APPLE PAY), £ 13.40",0.0,13.4,"£ -1,184.59"
26/05/2024,SAINSBURYS S/MKTS (VIA APPLE £ 1.10,0.0,1.1,"£ -1,185.69"
26/05/2024,CARD PAYMENT TO Netflix.com ON £ 4.99,0.0,4.99,"£ -1,190.68"
26/05/2024,HONEST BURGERS BOROUGH £ 17.91,0.0,17.91,"£ -1,208.59"
26/05/2024,CITIZENM TOWER OF LOND (VIA £ 3.80,0.0,3.8,"£ -1,403.58"
26/08/2023,BILL PAYMENT VIA FASTER £ 10.00,0.0,10.0,£ 45.15
26/08/2023,BILL PAYMENT VIA FASTER £ 15.00,0.0,15.0,£ 55.15
26/12/2023,DICLE FOOD CENTRE (VIA APPLE £ 3.18,0.0,3.18,£ -104.59
26/12/2023,"BESPOKE CAFE (VIA APPLE PAY), £ 3.10",0.0,3.1,£ -101.41
27/01/2024,DICLE FOOD CENTRE (VIA APPLE £ 12.04,0.0,12.04,"£ -1,456.86"
27/01/2024,ARRANGED OVERDRAFT £ 13.06,0.0,13.06,"£ -1,441.97"
27/01/2024,"STARBUCKS (VIA APPLE PAY), ON £ 2.85",0.0,2.85,"£ -1,444.82"
27/03/2024,COOTES PHARMACY LTD (VIA £ 2.00,0.0,2.0,"£ -1,318.81"
27/03/2024,TESCO STORES 6611 (VIA APPLE £ 1.10,0.0,1.1,"£ -1,306.55"
27/03/2024,CARD PAYMENT TO NETFLIX.COM £ 4.99,0.0,4.99,"£ -1,305.45"
27/03/2024,"TFL TRAVEL CH (VIA APPLE PAY), £ 3.50",0.0,3.5,"£ -1,331.69"
27/03/2024,TRUE CHICKEN LTD (VIA APPLE £ 9.38,0.0,9.38,"£ -1,328.19"
27/03/2024,ARRANGED OVERDRAFT £ 10.26,0.0,10.26,"£ -1,316.81"
27/04/2024,"TFL TRAVEL CH (VIA APPLE PAY), £ 5.40",0.0,5.4,"£ -1,459.97"
27/04/2024,MEDI FOOD CENTRE (VIA APPLE £ 2.29,0.0,2.29,"£ -1,454.57"
27/04/2024,MARKS&SPENCER PLC SACA (VIA £ 45.10,0.0,45.1,"£ -1,452.28"
27/04/2024,SUPERDRUG STORES PLC (VIA £ 3.49,0.0,3.49,"£ -1,407.18"
27/04/2024,ARRANGED OVERDRAFT £ 13.49,0.0,13.49,"£ -1,401.19"
27/04/2024,HASTY TASTY PIZZA (VIA APPLE £ 3.50,0.0,3.5,"£ -1,387.70"
27/04/2024,TESCO STORES 2544 (VIA APPLE £ 2.50,0.0,2.5,"£ -1,403.69"
27/05/2024,"TFL TRAVEL CH (VIA APPLE PAY), £ 6.40",0.0,6.4,"£ -1,214.99"
27/05/2024,MEDI FOOD CENTRE (VIA APPLE £ 2.58,0.0,2.58,"£ -1,246.92"
27/05/2024,"TFL TRAVEL CH (VIA APPLE PAY), £ 29.35",0.0,29.35,"£ -1,244.34"
27/08/2023,BILL PAYMENT VIA FASTER £ 20.00,0.0,20.0,£ 25.15
27/09/2023,CARD PAYMENT TO AMZN Mktp DE £ 11.08,0.0,11.08,"£ -1,521.83"
27/09/2023,CARD PAYMENT TO AMZN Mktp £ 38.55,0.0,38.55,"£ -1,496.60"
27/09/2023,ARRANGED OVERDRAFT £ 14.15,0.0,14.15,"£ -1,510.75"
27/10/2023,ARRANGED OVERDRAFT £ 14.01,0.0,14.01,"£ -1,535.84"
27/12/2023,"BESPOKE CAFE (VIA APPLE PAY), £ 2.65",0.0,2.65,£ -107.24
27/12/2023,DICLE FOOD CENTRE (VIA APPLE £ 4.26,0.0,4.26,£ -136.07
27/12/2023,ARRANGED OVERDRAFT £ 14.47,0.0,14.47,£ -131.81
27/12/2023,TESCO STORES 2544 (VIA APPLE £ 3.90,0.0,3.9,£ -117.34
27/12/2023,"BESPOKE CAFE (VIA APPLE PAY), £ 6.20",0.0,6.2,£ -113.44
28/01/2024,"COSTA COFFEE (VIA APPLE PAY), £ 4.25",0.0,4.25,"£ -1,461.11"
28/01/2024,TESCO STORES 2544 (VIA APPLE £ 4.80,0.0,4.8,"£ -1,465.91"
28/03/2024,MEDI FOOD CENTRE (VIA APPLE £ 2.39,0.0,2.39,"£ -1,344.73"
28/03/2024,"COSTA COFFEE (VIA APPLE PAY), £ 6.50",0.0,6.5,"£ -1,338.19"
28/03/2024,TESCO STORES 2544 (VIA APPLE £ 4.15,0.0,4.15,"£ -1,342.34"
28/04/2024,TRUE CHICKEN LTD (VIA APPLE £ 12.08,0.0,12.08,"£ -1,488.05"
28/04/2024,UNCLE TONYS TAVERNA (VIA £ 16.00,0.0,16.0,"£ -1,475.97"
28/04/2024,"TFL TRAVEL CH (VIA APPLE PAY), £ 6.40",0.0,6.4,"£ -1,474.45"
28/04/2024,0,20.0,0.0,"£ -1,468.05"
28/05/2024,"APPLE.COM/BILL (VIA APPLE PAY), £ 19.99",0.0,19.99,"£ -1,266.91"
28/05/2024,ARRANGED OVERDRAFT £ 10.78,0.0,10.78,"£ -1,293.69"
28/05/2024,TESCO STORES 2544 (VIA APPLE £ 1.80,0.0,1.8,"£ -1,282.91"
28/05/2024,MEDI FOOD CENTRE (VIA APPLE £ 1.98,0.0,1.98,"£ -1,295.67"
28/05/2024,0,0.0,6.6,"£ -1,302.27"
28/05/2024,"TFL TRAVEL CH (VIA APPLE PAY), £ 6.40",0.0,6.4,"£ -1,308.67"
28/05/2024,TESCO STORES 2544 (VIA APPLE £ 14.20,0.0,14.2,"£ -1,281.11"
28/08/2023,BILL PAYMENT VIA FASTER £ 10.00,0.0,10.0,£ 15.15
28/11/2023,0,0.0,13.47,"£ -1,549.31"
28/12/2023,TESCO STORES 2544 (VIA APPLE £ 2.85,0.0,2.85,£ -264.67
28/12/2023,BILL PAYMENT VIA FASTER £ 120.00,0.0,120.0,£ -256.07
28/12/2023,"COSTA COFFEE (VIA APPLE PAY), £ 5.75",0.0,5.75,£ -261.82
28/12/2023,"TFL TRAVEL CH (VIA APPLE PAY), £ 10.85",0.0,10.85,£ -275.52
28/12/2023,CAREBROOK LTD (VIA APPLE £ 3.60,0.0,3.6,£ -279.12
28/12/2023,"MCDONALDS (VIA APPLE PAY), ON £ 4.58",0.0,4.58,£ -283.70
29/03/2024,"KFC (VIA APPLE PAY), ON £ 8.99",0.0,8.99,"£ -1,353.72"
29/03/2024,TRUE CHICKEN LTD (VIA APPLE £ 8.29,0.0,8.29,"£ -1,362.01"
29/03/2024,TRUE CHICKEN LTD (VIA APPLE £ 11.28,0.0,11.28,"£ -1,373.29"
29/03/2024,"TFL TRAVEL CH (VIA APPLE PAY), £ 3.50",0.0,3.5,"£ -1,376.79"
29/03/2024,110 TOTAL DENTISTRY (VIA APPLE £ 95.00,0.0,95.0,"£ -1,471.79"
29/04/2024,0,115.0,0.0,"£ -1,368.13"
29/04/2024,"TESCO STORES (VIA APPLE PAY), £ 1.03",0.0,1.03,"£ -1,475.48"
29/04/2024,"TFL TRAVEL CH (VIA APPLE PAY), £ 7.65",0.0,7.65,"£ -1,483.13"
29/05/2024,"TFL TRAVEL CH (VIA APPLE PAY), £ 6.40",0.0,6.4,"£ -1,505.40"
29/05/2024,TESCO STORES 2544 (VIA APPLE £ 4.35,0.0,4.35,"£ -1,496.42"
29/05/2024,TRANSFER TO MR LEFTERIS £ 183.40,0.0,183.4,"£ -1,492.07"
29/05/2024,0,85.0,0.0,"£ -1,420.40"
29/05/2024,CASH WITHDRAWAL AT TESCO £ 20.00,0.0,20.0,"£ -1,440.40"
29/05/2024,0,183.4,0.0,£ 183.40
29/05/2024,TRANSFER TO MR LEFTERIS £ 85.00,0.0,85.0,£ 98.40
29/05/2024,MEDI FOOD CENTRE (VIA APPLE £ 2.58,0.0,2.58,"£ -1,499.00"
29/05/2024,CASH WITHDRAWAL AT TESCO £ 10.00,0.0,10.0,"£ -1,450.40"
29/08/2023,BILL PAYMENT VIA FASTER £ 15.15,0.0,15.15,£ 0.00
29/12/2023,"COSTA COFFEE (VIA APPLE PAY), £ 3.80",0.0,3.8,£ -298.49
29/12/2023,"NANOU DONUTS (VIA APPLE PAY), £ 3.50",0.0,3.5,£ -301.99
29/12/2023,TESCO STORES 2544 (VIA APPLE £ 9.20,0.0,9.2,£ -311.19
29/12/2023,"COSTA COFFEE (VIA APPLE PAY), £ 2.65",0.0,2.65,£ -313.84
29/12/2023,UBR* PENDING.UBER.COM (VIA £ 7.98,0.0,7.98,£ -321.82
29/12/2023,CARD PAYMENT TO APPLE.COM/ £ 10.99,0.0,10.99,£ -294.69
30/01/2024,TESCO STORES 2544 (VIA APPLE £ 5.15,0.0,5.15,"£ -1,471.06"
30/01/2024,TESCO STORES 2544 (VIA APPLE £ 0.65,0.0,0.65,"£ -1,471.71"
30/03/2024,"TFL TRAVEL CH (VIA APPLE PAY), £ 3.50",0.0,3.5,"£ -1,475.29"
30/04/2024,TESCO STORES 2544 (VIA APPLE £ 19.35,0.0,19.35,£ -846.53
30/04/2024,TESCO STORES 2544 (VIA APPLE £ 6.70,0.0,6.7,£ -827.18
30/04/2024,"TFL TRAVEL CH (VIA APPLE PAY), £ 3.50",0.0,3.5,£ -885.20
30/04/2024,"H & M (VIA APPLE PAY), ON £ 12.99",0.0,12.99,£ -881.70
30/04/2024,0,552.0,0.0,£ -820.48
30/04/2024,"COSTA COFFEE (VIA APPLE PAY), £ 4.35",0.0,4.35,"£ -1,372.48"
30/04/2024,"H & M (VIA APPLE PAY), ON £ 22.18",0.0,22.18,£ -868.71
30/05/2024,TRANSFER TO MR LEFTERIS £ 20.00,0.0,20.0,£ 78.40
30/05/2024,TRANSFER TO MR LEFTERIS £ 20.00,0.0,20.0,£ 58.40
30/05/2024,CASH WITHDRAWAL AT Sainsburys £ 20.00,0.0,20.0,"£ -1,457.06"
30/05/2024,0,20.0,0.0,"£ -1,437.06"
30/05/2024,TESCO STORES 2544 (VIA APPLE £ 2.95,0.0,2.95,"£ -1,468.35"
30/05/2024,0,140.0,0.0,"£ -1,317.06"
30/05/2024,CASH WITHDRAWAL AT £ 140.00,0.0,140.0,"£ -1,457.06"
30/05/2024,CARD PAYMENT TO MR TRIMMER £ 15.00,0.0,15.0,"£ -1,465.40"
30/05/2024,0,20.0,0.0,"£ -1,448.35"
30/05/2024,MEDI FOOD CENTRE (VIA APPLE £ 8.71,0.0,8.71,"£ -1,457.06"
30/12/2023,"COSTA COFFEE (VIA APPLE PAY), £ 3.80",0.0,3.8,£ -325.62
30/12/2023,TESCO STORES 2544 (VIA APPLE £ 5.50,0.0,5.5,£ -334.62
30/12/2023,TESCO STORES 2544 (VIA APPLE £ 1.34,0.0,1.34,£ -335.96
30/12/2023,MEGA FOOD CENTRE (VIA APPLE £ 2.98,0.0,2.98,£ -338.94
30/12/2023,"NANOU DONUTS (VIA APPLE PAY), £ 3.50",0.0,3.5,£ -329.12
31/01/2024,0,0.0,4.25,"£ -1,475.96"
31/03/2024,"TFL TRAVEL CH (VIA APPLE PAY), £ 3.50",0.0,3.5,"£ -1,479.89"
31/03/2024,TESCO STORES 6611 (VIA APPLE £ 1.10,0.0,1.1,"£ -1,476.39"
31/05/2024,0,48.0,0.0,"£ -1,409.06"
31/05/2024,CARD PAYMENT TO PAYPAL £ 5.67,0.0,5.67,"£ -1,414.73"
31/05/2024,0,868.76,0.0,£ -592.87
31/05/2024,CARD PAYMENT TO PAYPAL £ 6.90,0.0,6.9,"£ -1,421.63"
31/05/2024,TRANSFER TO MR LEFTERIS £ 48.00,0.0,48.0,£ 10.40
31/05/2024,DURUM OCAKBASI RESTAUR (VIA £ 40.00,0.0,40.0,"£ -1,461.63"
31/07/2023,TRANSFER TO MR LEFTERIS £ 24.00,0.0,24.0,£ 932.15
31/07/2023,0,956.15,0.0,£ 956.15
31/07/2023,TRANSFER TO MR LEFTERIS £ 58.00,0.0,58.0,£ 874.15
31/08/2023,BILL PAYMENT VIA FASTER £ 30.00,0.0,30.0,£ 730.38
31/08/2023,TRANSFER TO MR LEFTERIS £ 30.00,0.0,30.0,£ 760.38
31/08/2023,BILL PAYMENT VIA FASTER £ 27.00,0.0,27.0,£ 790.38
31/08/2023,0,817.38,0.0,£ 817.38
31/12/2023,"COSTA COFFEE (VIA APPLE PAY), £ 3.80",0.0,3.8,£ -344.69
31/12/2023,"COSTA COFFEE (VIA APPLE PAY), £ 1.95",0.0,1.95,£ -340.89
Date,Description Money Out,0.0,0.0,Balance
Date,Description Money Out,0.0,0.0,Balance
